"Variable","ClassVal0","Estimate"
"Intercept",NA,-0.486428807988187
"r1stchildethn",2,0.51239994635326
"r1stchildethn",3,0.749896112286932
"r1stchildethn",4,-0.0619445154514403
"z1HighBw",1,0.476269482268144
"z1LowBw",1,0.191904116879718
"z1Caesarean",1,0.270468911511284
"r1Sleep",2,-0.13565092812283
"r1Sleep",3,-0.493576088561364
