"Variable","ClassVal0","Estimate"
"Intercept",NA,-0.514468416454026
"r1stchildethn",2,0.518822155743852
"r1stchildethn",3,0.762014979530746
"r1stchildethn",4,-0.0668911503065085
"z1Caesarean",1,0.189899113120998
