"Variable","ClassVal0","Estimate"
"Intercept",NA,-0.503259484969459
"r1stchildethn",2,0.525249633861647
"r1stchildethn",3,0.774292117901704
"r1stchildethn",4,-0.0721826752559714
"z1Caesarean",1,0.195944362072311
