"Variable","ClassVal0","Estimate"
"Intercept",NA,-0.567753527683389
"r1stchildethn",2,0.493123850847051
"r1stchildethn",3,0.714589186854693
"r1stchildethn",4,-0.0491643393614253
"z1HighBw",1,0.454328474060942
"z1LowBw",1,0.210294783116605
"z1Caesarean",1,0.262338710236074
"r1Sleep",2,-0.104094412427148
"r1Sleep",3,-0.479846162987905
