"Variable","ClassVal0","Estimate"
"Intercept",NA,-1.09648303318865
"r1stchildethn",2,0.250090795025773
"r1stchildethn",3,0.95625215081089
"r1stchildethn",4,-0.323214966551995
"z1breast",1,-0.158718005550728
"r1ParentEduc",2,8.88178419700125e-16
"r1ParentEduc",3,0.494351780886236
"SESBTH",2,1.11022302462516e-15
"SESBTH",3,0.255340434200675
"z1HighBw",1,0.378564445624977
"z1LowBw",1,0.207908681934014
"r1Sleep",2,-0.0486167803038886
"r1Sleep",3,-0.418438300256447
