"Variable","ClassVal0","Estimate"
"Intercept",NA,-0.510250198714478
"r1stchildethn",2,0.505977538428088
"r1stchildethn",3,0.737944122784357
"r1stchildethn",4,-0.057342055143239
"z1HighBw",1,0.468836407500862
"z1LowBw",1,0.198935549401282
"z1Caesarean",1,0.267826605892904
"r1Sleep",2,-0.126134827433001
"r1Sleep",3,-0.488948158321789
