"Variable","ClassVal0","Estimate"
"Intercept",NA,-0.538312979204541
"r1stchildethn",2,0.499552093313991
"r1stchildethn",3,0.726170347773643
"r1stchildethn",4,-0.0530826041039403
"z1HighBw",1,0.461521599425305
"z1LowBw",1,0.205065600549757
"z1Caesarean",1,0.265116950479596
"r1Sleep",2,-0.11381353921553
"r1Sleep",3,-0.484565338146766
