Variable,ClassVal0,Estimate
Intercept,NA,-1.06060152
r1stchildethn,2,0.279951945
r1stchildethn,3,1.062469078
r1stchildethn,4,-0.351760473
z1breast,1,-0.088405777
r1ParentEduc,2,-3.33E-16
r1ParentEduc,3,0.537740347
SESBTH,2,-3.33E-16
SESBTH,3,0.289807405
z1pregsmk,1,0.156970522
z1HighBw,1,0.288275681
z1LowBw,1,-0.084013434
z1Caesarean,1,0.126836551
r1Sleep,2,-0.258778737
r1Sleep,3,-0.181403103
z1WatchTV,1,0.700837197
