"Variable","ClassVal0","Estimate"
"Intercept",NA,-0.493952560104922
"r1stchildethn",2,0.53168991688547
"r1stchildethn",3,0.786720949399971
"r1stchildethn",4,-0.0778193161762509
"z1Caesarean",1,0.202253861408827
