Variable,ClassVal0,Estimate
Intercept,NA,-1.035009195
r1stchildethn,2,0.275770412
r1stchildethn,3,1.048601002
r1stchildethn,4,-0.348011048
z1breast,1,-0.086143373
r1ParentEduc,2,1.11E-15
r1ParentEduc,3,0.532641766
SESBTH,2,-3.33E-16
SESBTH,3,0.28481531
z1pregsmk,1,0.153063028
z1HighBw,1,0.281408025
z1LowBw,1,-0.081758009
z1Caesarean,1,0.123698563
r1Sleep,2,-0.252585398
r1Sleep,3,-0.176140274
z1WatchTV,1,0.686641252
